INSERT INTO Bookstore (bookstoreID, bookstoreName) VALUES
(1, 'Bookstore1'),
(2, 'Bookstore2'),
(3, 'Bookstore3'),
(4, 'Bookstore4');

INSERT INTO Publication (publicationID, publisher, title, yearOfPublication, issueNumber) VALUES
('PC1001', 'DrLoke Publication', 'Harry Porter Finale', 2012, 'LYR003'),
('PC1002', 'Geronimo Stilton Press', 'Four Mice Deep in the Jungle', 1998, NULL),
('PC1003', 'Nanyang Publisher Company', 'English Textbook for Secondary School', 2019, NULL),
('PC1004', 'DrLoke Publication', 'Batch Algorithm with Additional Shape Constraints', 2007, 'LYR002'),
('PC1005', 'Nanyang Publisher Company', 'Math Textbook for Secondary School', 2019, NULL),
('PC1006', 'Ling List Publication', 'Ling Ling Shopee For Publication v1', 2019, 'LLSP1'),
('PC1007', 'DrLoke Publication', 'Object Matching Across Multiple Non-overlapping Fields of View', 2006, 'LYR001'),
('PC1008', 'Ling List Publication', 'Ling Ling Shopee For Publication v2', 2019, 'LLSP2'),
('PC1009', 'Ling List Publication', 'Ling Ling Shopee Food Book', 2019, NULL),
('PC1010', 'Ling List Publication', 'Ling Ling Shopee Photography Book', 2019, NULL),
('PC1011', 'Nanyang Publisher Company', 'Science Textbook for Secondary School', 2019, NULL),
('PC1012', 'Geronimo Stilton Press', 'Cat and Mouse in a Haunted House', 2000, NULL),
('PC1013', 'Geronimo Stilton Press', 'Lost Treasure of the Emerald Eye', 2001, NULL),
('PC1014', 'Pirates of the Carribean', 'Walt Disney publications', 2003, NULL),
('PC1015', 'The Lord of the Rings', 'Peter Jackson publications', 2005, NULL),
('PC1016', 'BFG', 'Roald Dahl', 2008, NULL);

INSERT INTO PublicationWarehouse (bookstorePublicationID, inventoryBalance, itemPrice, bookstoreID) VALUES
('BPID1001', 20, 10, 1),
('BPID1002', 30, 12, 1),
('BPID1003', 40, 7.46, 1),
('BPID1004', 10, 35, 1),
('BPID1005', 25, 254, 1),
('BPID1006', 35, 35, 1),
('BPID1007', 20, 24, 1),
('BPID1008', 30, 75, 1),
('BPID1009', 40, 24, 1),
('BPID1010', 10, 24.22, 1),
('BPID1011', 20, 243.53, 1),
('BPID1012', 20, 24.22, 1),
('BPID1013', 30, 64.88, 1),
('BPID1014', 40, 42.23, 2),
('BPID1015', 10, 13.13, 2),
('BPID1016', 12, 54.35, 2),
('BPID1017', 13, 65.32, 2),
('BPID1018', 42, 12.66, 2),
('BPID1019', 24, 56.24, 2),
('BPID1020', 13, 42.13, 2),
('BPID1021', 76, 43.24, 2),
('BPID1022', 23, 65.13, 2),
('BPID1023', 23, 13.99, 2),
('BPID1024', 12, 55.9, 2),
('BPID1025', 43, 9.99, 2),
('BPID1026', 64, 23.34, 2),
('BPID1027', 23, 3.7, 3),
('BPID1028', 12, 14.2, 3),
('BPID1029', 43, 27.8, 3),
('BPID1030', 14, 25, 3),
('BPID1031', 2, 28.8, 3),
('BPID1032', 5, 23, 3),
('BPID1033', 7, 31.2, 3),
('BPID1034', 65, 13.99, 3),
('BPID1035', 42, 15, 3),
('BPID1036', 42, 29.7, 3),
('BPID1037', 23, 56.24, 3),
('BPID1038', 46, 30, 3),
('BPID1039', 24, 43.24, 3),
('BPID1040', 64, 40, 4),
('BPID1041', 24, 13.99, 4),
('BPID1042', 45, 55.9, 4),
('BPID1043', 53, 42.23, 4),
('BPID1044', 23, 9.99, 4),
('BPID1045', 4, 54.35, 4),
('BPID1046', 23, 65.32, 4),
('BPID1047', 8, 12.66, 4),
('BPID1048', 5, 34.34, 4),
('BPID1049', 3, 20, 4),
('BPID1050', 24, 40, 4),
('BPID1051', 56, 20, 4),
('BPID1052', 35, 9, 4),
('BPID1053', 21, 6.43, 4),
('BPID1054', 30, 4.43, 4),
('BPID1055', 20, 9.43, 4);

INSERT INTO AssignedPublicationWarehouse (bookstoreID, publicationID, bookstorePublicationID)
VALUES
(1, 'PC1001', 'BPID1001'),
(1, 'PC1002', 'BPID1002'),
(1, 'PC1003', 'BPID1003'),
(1, 'PC1004', 'BPID1004'),
(1, 'PC1005', 'BPID1005'),
(1, 'PC1006', 'BPID1006'),
(1, 'PC1007', 'BPID1007'),
(1, 'PC1008', 'BPID1008'),
(1, 'PC1009', 'BPID1009'),
(1, 'PC1010', 'BPID1010'),
(1, 'PC1011', 'BPID1011'),
(1, 'PC1012', 'BPID1012'),
(1, 'PC1013', 'BPID1013'),
(2, 'PC1001', 'BPID1014'),
(2, 'PC1002', 'BPID1015'),
(2, 'PC1003', 'BPID1016'),
(2, 'PC1004', 'BPID1017'),
(2, 'PC1005', 'BPID1018'),
(2, 'PC1006', 'BPID1019'),
(2, 'PC1007', 'BPID1020'),
(2, 'PC1008', 'BPID1021'),
(2, 'PC1009', 'BPID1022'),
(2, 'PC1010', 'BPID1023'),
(2, 'PC1011', 'BPID1024'),
(2, 'PC1012', 'BPID1025'),
(2, 'PC1013', 'BPID1026'),
(3, 'PC1001', 'BPID1027'),
(3, 'PC1002', 'BPID1028'),
(3, 'PC1003', 'BPID1029'),
(3, 'PC1004', 'BPID1030'),
(3, 'PC1005', 'BPID1031'),
(3, 'PC1006', 'BPID1032'),
(3, 'PC1007', 'BPID1033'),
(3, 'PC1008', 'BPID1034'),
(3, 'PC1009', 'BPID1035'),
(3, 'PC1010', 'BPID1036'),
(3, 'PC1011', 'BPID1037'),
(3, 'PC1012', 'BPID1038'),
(3, 'PC1013', 'BPID1039'),
(4, 'PC1001', 'BPID1040'),
(4, 'PC1002', 'BPID1041'),
(4, 'PC1003', 'BPID1042'),
(4, 'PC1004', 'BPID1043'),
(4, 'PC1005', 'BPID1044'),
(4, 'PC1006', 'BPID1045'),
(4, 'PC1007', 'BPID1046'),
(4, 'PC1008', 'BPID1047'),
(4, 'PC1009', 'BPID1048'),
(4, 'PC1010', 'BPID1049'),
(4, 'PC1011', 'BPID1050'),
(4, 'PC1012', 'BPID1051'),
(4, 'PC1013', 'BPID1052'),
(4, 'PC1014', 'BPID1053'),
(4, 'PC1015', 'BPID1054'),
(4, 'PC1016', 'BPID1055');

INSERT INTO priceHistory (bookstorePublicationID, startDate, endDate, price, priceMemo)
VALUES
('BPID1001', '2022-06-01', '2022-06-30', 10, 'June 2022 Price'),
('BPID1002', '2022-06-01', '2022-06-30', 12, 'June 2022 Price'),
('BPID1003', '2022-06-01', '2022-06-30', 7.46, 'June 2022 Price'),
('BPID1004', '2022-06-01', '2022-06-30', 35, 'June 2022 Price'),
('BPID1005', '2022-06-01', '2022-06-30', 254, 'June 2022 Price'),
('BPID1006', '2022-06-01', '2022-06-30', 35, 'June 2022 Price'),
('BPID1007', '2022-06-01', '2022-06-30', 24, 'June 2022 Price'),
('BPID1008', '2022-06-01', '2022-06-30', 75, 'June 2022 Price'),
('BPID1009', '2022-06-01', '2022-06-30', 24, 'June 2022 Price'),
('BPID1010', '2022-06-01', '2022-06-30', 24.22, 'June 2022 Price'),
('BPID1011', '2022-06-01', '2022-06-30', 243.53, 'June 2022 Price'),
('BPID1012', '2022-06-01', '2022-06-30', 24.22, 'June 2022 Price'),
('BPID1013', '2022-06-01', '2022-06-30', 64.88, 'June 2022 Price'),
('BPID1014', '2022-06-01', '2022-06-30', 42.23, 'June 2022 Price'),
('BPID1015', '2022-06-01', '2022-06-30', 13.13, 'June 2022 Price'),
('BPID1016', '2022-06-01', '2022-06-30', 54.35, 'June 2022 Price'),
('BPID1017', '2022-06-01', '2022-06-30', 65.32, 'June 2022 Price'),
('BPID1018', '2022-06-01', '2022-06-30', 12.66, 'June 2022 Price'),
('BPID1019', '2022-06-01', '2022-06-30', 56.24, 'June 2022 Price'),
('BPID1020', '2022-06-01', '2022-06-30', 42.13, 'June 2022 Price'),
('BPID1021', '2022-06-01', '2022-06-30', 43.24, 'June 2022 Price'),
('BPID1022', '2022-06-01', '2022-06-30', 65.13, 'June 2022 Price'),
('BPID1023', '2022-06-01', '2022-06-30', 13.99, 'June 2022 Price'),
('BPID1024', '2022-06-01', '2022-06-30', 55.9, 'June 2022 Price'),
('BPID1025', '2022-06-01', '2022-06-30', 23.23, 'June 2022 Price'),
('BPID1026', '2022-06-01', '2022-06-30', 19.9, 'June 2022 Price'),
('BPID1027', '2022-06-01', '2022-06-30', 3.7, 'June 2022 Price'),
('BPID1028', '2022-06-01', '2022-06-30', 14.2, 'June 2022 Price'),
('BPID1029', '2022-06-01', '2022-06-30', 27.8, 'June 2022 Price'),
('BPID1030', '2022-06-01', '2022-06-30', 25, 'June 2022 Price'),
('BPID1031', '2022-06-01', '2022-06-30', 28.8, 'June 2022 Price'),
('BPID1032', '2022-06-01', '2022-06-30', 23, 'June 2022 Price'),
('BPID1033', '2022-06-01', '2022-06-30', 31.2, 'June 2022 Price'),
('BPID1034', '2022-06-01', '2022-06-30', 13.99, 'June 2022 Price'),
('BPID1035', '2022-06-01', '2022-06-30', 15, 'June 2022 Price'),
('BPID1036', '2022-06-01', '2022-06-30', 29.7, 'June 2022 Price'),
('BPID1037', '2022-06-01', '2022-06-30', 56.24, 'June 2022 Price'),
('BPID1038', '2022-06-01', '2022-06-30', 42.13, 'June 2022 Price'),
('BPID1039', '2022-06-01', '2022-06-30', 43.24, 'June 2022 Price'),
('BPID1040', '2022-06-01', '2022-06-30', 65.13, 'June 2022 Price'),
('BPID1041', '2022-06-01', '2022-06-30', 13.99, 'June 2022 Price'),
('BPID1042', '2022-06-01', '2022-06-30', 55.9, 'June 2022 Price'),
('BPID1043', '2022-06-01', '2022-06-30', 42.23, 'June 2022 Price'),
('BPID1044', '2022-06-01', '2022-06-30', 13.13, 'June 2022 Price'),
('BPID1045', '2022-06-01', '2022-06-30', 54.35, 'June 2022 Price'),
('BPID1046', '2022-06-01', '2022-06-30', 65.32, 'June 2022 Price'),
('BPID1047', '2022-06-01', '2022-06-30', 12.66, 'June 2022 Price'),
('BPID1048', '2022-06-01', '2022-06-30', 34.34, 'June 2022 Price'),
('BPID1049', '2022-06-01', '2022-06-30', 24.54, 'June 2022 Price'),
('BPID1050', '2022-06-01', '2022-06-30', 54.34, 'June 2022 Price'),
('BPID1051', '2022-06-01', '2022-06-30', 24.24, 'June 2022 Price'),
('BPID1052', '2022-06-01', '2022-06-30', 10.43, 'June 2022 Price'),
('BPID1053', '2022-06-01', '2022-06-30', 12.43, 'June 2022 Price'),
('BPID1054', '2022-06-01', '2022-06-30', 14.43, 'June 2022 Price'),
('BPID1055', '2022-06-01', '2022-06-30', 15.43, 'June 2022 Price'),
('BPID1001', '2022-07-01', '2022-07-30', 10, 'July 2022 Price'),
('BPID1002', '2022-07-01', '2022-07-30', 12, 'July 2022 Price'),
('BPID1003', '2022-07-01', '2022-07-30', 7.46, 'July 2022 Price'),
('BPID1004', '2022-07-01', '2022-07-30', 35, 'July 2022 Price'),
('BPID1005', '2022-07-01', '2022-07-30', 254, 'July 2022 Price'),
('BPID1006', '2022-07-01', '2022-07-30', 35, 'July 2022 Price'),
('BPID1007', '2022-07-01', '2022-07-30', 24, 'July 2022 Price'),
('BPID1008', '2022-07-01', '2022-07-30', 45, 'July 2022 Price'),
('BPID1009', '2022-07-01', '2022-07-30', 24, 'July 2022 Price'),
('BPID1010', '2022-07-01', '2022-07-30', 24.22, 'July 2022 Price'),
('BPID1011', '2022-07-01', '2022-07-30', 199.99, 'July 2022 Price'),
('BPID1012', '2022-07-01', '2022-07-30', 24.22, 'July 2022 Price'),
('BPID1013', '2022-07-01', '2022-07-30', 64.88, 'July 2022 Price'),
('BPID1014', '2022-07-01', '2022-07-30', 42.23, 'July 2022 Price'),
('BPID1015', '2022-07-01', '2022-07-30', 13.13, 'July 2022 Price'),
('BPID1016', '2022-07-01', '2022-07-30', 54.35, 'July 2022 Price'),
('BPID1017', '2022-07-01', '2022-07-30', 65.32, 'July 2022 Price'),
('BPID1018', '2022-07-01', '2022-07-30', 12.66, 'July 2022 Price'),
('BPID1019', '2022-07-01', '2022-07-30', 56.24, 'July 2022 Price'),
('BPID1020', '2022-07-01', '2022-07-30', 42.13, 'July 2022 Price'),
('BPID1021', '2022-07-01', '2022-07-30', 43.24, 'July 2022 Price'),
('BPID1022', '2022-07-01', '2022-07-30', 65.13, 'July 2022 Price'),
('BPID1023', '2022-07-01', '2022-07-30', 13.99, 'July 2022 Price'),
('BPID1024', '2022-07-01', '2022-07-30', 55.9, 'July 2022 Price'),
('BPID1025', '2022-07-01', '2022-07-30', 23.23, 'July 2022 Price'),
('BPID1026', '2022-07-01', '2022-07-30', 19.9, 'July 2022 Price'),
('BPID1027', '2022-07-01', '2022-07-30', 3.7, 'July 2022 Price'),
('BPID1028', '2022-07-01', '2022-07-30', 14.2, 'July 2022 Price'),
('BPID1029', '2022-07-01', '2022-07-30', 27.8, 'July 2022 Price'),
('BPID1030', '2022-07-01', '2022-07-30', 25, 'July 2022 Price'),
('BPID1031', '2022-07-01', '2022-07-30', 28.8, 'July 2022 Price'),
('BPID1032', '2022-07-01', '2022-07-30', 23, 'July 2022 Price'),
('BPID1033', '2022-07-01', '2022-07-30', 31.2, 'July 2022 Price'),
('BPID1034', '2022-07-01', '2022-07-30', 13.99, 'July 2022 Price'),
('BPID1035', '2022-07-01', '2022-07-30', 15, 'July 2022 Price'),
('BPID1036', '2022-07-01', '2022-07-30', 29.7, 'July 2022 Price'),
('BPID1037', '2022-07-01', '2022-07-30', 56.24, 'July 2022 Price'),
('BPID1038', '2022-07-01', '2022-07-30', 42.13, 'July 2022 Price'),
('BPID1039', '2022-07-01', '2022-07-30', 43.24, 'July 2022 Price'),
('BPID1040', '2022-07-01', '2022-07-30', 65.13, 'July 2022 Price'),
('BPID1041', '2022-07-01', '2022-07-30', 13.99, 'July 2022 Price'),
('BPID1042', '2022-07-01', '2022-07-30', 55.9, 'July 2022 Price'),
('BPID1043', '2022-07-01', '2022-07-30', 42.23, 'July 2022 Price'),
('BPID1044', '2022-07-01', '2022-07-30', 13.13, 'July 2022 Price'),
('BPID1045', '2022-07-01', '2022-07-30', 54.35, 'July 2022 Price'),
('BPID1046', '2022-07-01', '2022-07-30', 65.32, 'July 2022 Price'),
('BPID1047', '2022-07-01', '2022-07-30', 12.66, 'July 2022 Price'),
('BPID1048', '2022-07-01', '2022-07-30', 30, 'July 2022 Price'),
('BPID1049', '2022-07-01', '2022-07-30', 19.99, 'July 2022 Price'),
('BPID1050', '2022-07-01', '2022-07-30', 40, 'July 2022 Price'),
('BPID1051', '2022-07-01', '2022-07-30', 20, 'July 2022 Price'),
('BPID1052', '2022-07-01', '2022-07-30', 7, 'July 2022 Price'),
('BPID1053', '2022-07-01', '2022-07-30', 12.43, 'July 2022 Price'),
('BPID1054', '2022-07-01', '2022-07-30', 14.43, 'July 2022 Price'),
('BPID1055', '2022-07-01', '2022-07-30', 15.43, 'July 2022 Price'),
('BPID1001', '2022-08-01', '2022-08-30', 10, 'Aug 2022 Price'),
('BPID1002', '2022-08-01', '2022-08-30', 12, 'Aug 2022 Price'),
('BPID1003', '2022-08-01', '2022-08-30', 7.46, 'Aug 2022 Price'),
('BPID1004', '2022-08-01', '2022-08-30', 35, 'Aug 2022 Price'),
('BPID1005', '2022-08-01', '2022-08-30', 254, 'Aug 2022 Price'),
('BPID1006', '2022-08-01', '2022-08-30', 35, 'Aug 2022 Price'),
('BPID1007', '2022-08-01', '2022-08-30', 24, 'Aug 2022 Price'),
('BPID1008', '2022-08-01', '2022-08-30', 75, 'Aug 2022 Price'),
('BPID1009', '2022-08-01', '2022-08-30', 24, 'Aug 2022 Price'),
('BPID1010', '2022-08-01', '2022-08-30', 24.22, 'Aug 2022 Price'),
('BPID1011', '2022-08-01', '2022-08-30', 243.53, 'Aug 2022 Price'),
('BPID1012', '2022-08-01', '2022-08-30', 24.22, 'Aug 2022 Price'),
('BPID1013', '2022-08-01', '2022-08-30', 64.88, 'Aug 2022 Price'),
('BPID1014', '2022-08-01', '2022-08-30', 42.23, 'Aug 2022 Price'),
('BPID1015', '2022-08-01', '2022-08-30', 13.13, 'Aug 2022 Price'),
('BPID1016', '2022-08-01', '2022-08-30', 54.35, 'Aug 2022 Price'),
('BPID1017', '2022-08-01', '2022-08-30', 65.32, 'Aug 2022 Price'),
('BPID1018', '2022-08-01', '2022-08-30', 12.66, 'Aug 2022 Price'),
('BPID1019', '2022-08-01', '2022-08-30', 56.24, 'Aug 2022 Price'),
('BPID1020', '2022-08-01', '2022-08-30', 42.13, 'Aug 2022 Price'),
('BPID1021', '2022-08-01', '2022-08-30', 43.24, 'Aug 2022 Price'),
('BPID1022', '2022-08-01', '2022-08-30', 65.13, 'Aug 2022 Price'),
('BPID1023', '2022-08-01', '2022-08-30', 13.99, 'Aug 2022 Price'),
('BPID1024', '2022-08-01', '2022-08-30', 55.9, 'Aug 2022 Price'),
('BPID1025', '2022-08-01', '2022-08-30', 9.99, 'Aug 2022 Price'),
('BPID1026', '2022-08-01', '2022-08-30', 23.34, 'Aug 2022 Price'),
('BPID1027', '2022-08-01', '2022-08-30', 3.7, 'Aug 2022 Price'),
('BPID1028', '2022-08-01', '2022-08-30', 14.2, 'Aug 2022 Price'),
('BPID1029', '2022-08-01', '2022-08-30', 27.8, 'Aug 2022 Price'),
('BPID1030', '2022-08-01', '2022-08-30', 25, 'Aug 2022 Price'),
('BPID1031', '2022-08-01', '2022-08-30', 28.8, 'Aug 2022 Price'),
('BPID1032', '2022-08-01', '2022-08-30', 23, 'Aug 2022 Price'),
('BPID1033', '2022-08-01', '2022-08-30', 31.2, 'Aug 2022 Price'),
('BPID1034', '2022-08-01', '2022-08-30', 13.99, 'Aug 2022 Price'),
('BPID1035', '2022-08-01', '2022-08-30', 15, 'Aug 2022 Price'),
('BPID1036', '2022-08-01', '2022-08-30', 29.7, 'Aug 2022 Price'),
('BPID1037', '2022-08-01', '2022-08-30', 56.24, 'Aug 2022 Price'),
('BPID1038', '2022-08-01', '2022-08-30', 30, 'Aug 2022 Price'),
('BPID1039', '2022-08-01', '2022-08-30', 43.24, 'Aug 2022 Price'),
('BPID1040', '2022-08-01', '2022-08-30', 40, 'Aug 2022 Price'),
('BPID1041', '2022-08-01', '2022-08-30', 13.99, 'Aug 2022 Price'),
('BPID1042', '2022-08-01', '2022-08-30', 55.9, 'Aug 2022 Price'),
('BPID1043', '2022-08-01', '2022-08-30', 42.23, 'Aug 2022 Price'),
('BPID1044', '2022-08-01', '2022-08-30', 9.99, 'Aug 2022 Price'),
('BPID1045', '2022-08-01', '2022-08-30', 54.35, 'Aug 2022 Price'),
('BPID1046', '2022-08-01', '2022-08-30', 65.32, 'Aug 2022 Price'),
('BPID1047', '2022-08-01', '2022-08-30', 12.66, 'Aug 2022 Price'),
('BPID1048', '2022-08-01', '2022-08-30', 34.34, 'Aug 2022 Price'),
('BPID1049', '2022-08-01', '2022-08-30', 20, 'Aug 2022 Price'),
('BPID1050', '2022-08-01', '2022-08-30', 40, 'Aug 2022 Price'),
('BPID1051', '2022-08-01', '2022-08-30', 20, 'Aug 2022 Price'),
('BPID1052', '2022-08-01', '2022-08-30', 9, 'Aug 2022 Price'),
('BPID1053', '2022-08-01', '2022-08-30', 6.43, 'Aug 2022 Price'),
('BPID1054', '2022-08-01', '2022-08-30', 4.43, 'Aug 2022 Price'),
('BPID1055', '2022-08-01', '2022-08-30', 9.43, 'Aug 2022 Price');

INSERT INTO Customers(customerID, name)
VALUES (1, 'Alice'),
(2, 'Bob'),
(3, 'Matt'),
(4, 'Alex'),
(5, 'Sandy'),
(6, 'Peter'),
(7, 'Charlie'),
(8, 'David'),
(9, 'Luke'),
(10, 'Henry'),
(11, 'Alexander'),
(12, 'Kim'),
(13, 'Cathy'),
(14, 'Fiona'),
(15, 'Daniel'),
(16, 'Esther'),
(17, 'Andy'),
(18, 'George'),
(19, 'Linda'),
(20, 'Clarence'),
(21, 'Edwin');

INSERT INTO CustomerOrder (orderID, orderTimestamp, shippingAddress, shippingCost, customerID)
VALUES
(1, '2022-06-04 13:23:44', '168 Kallang Way, #03-456, Singapore 349253', 7, 2),
(2, '2022-06-04 13:23:44', '17 Marine Terrace, #09-123, Singapore 440017', 4, 6),
(3, '2022-06-04 13:23:44', '3 Sengkang East Avenue, #07-890, Singapore 544816', 3, 9),
(4, '2022-06-04 13:23:44', '71 Pasir Ris Grove, #05-678, Singapore 518207', 4, 12),
(5, '2022-06-10 14:56:59', '7 Clementi West Street 2, #02-345, Singapore 120007', 5, 16),
(6, '2022-06-10 14:56:59', '87 Telok Blangah Heights, #11-890, Singapore 100087', 7, 2),
(7, '2022-06-14 15:45:21', '20 Woodlands Drive 17, #08-123, Singapore 737872', 4, 6),
(8, '2022-06-16 15:45:21', '7 Ang Mo Kio Street 64, #03-456, Singapore 569084', 3, 9),
(9, '2022-06-20 13:23:44', '48 Havelock Road, #09-123, Singapore 161048', 4, 12),
(10, '2022-06-23 13:23:44', '13 Lorong 8 Toa Payoh, #07-890, Singapore 319261', 4, 16),
(11, '2022-07-01 13:23:44', '345 Jurong East Street 31, #12-345, Singapore 600345', 5, 1),
(12, '2022-07-01 15:45:21', '10 Ang Mo Kio Street 64, #06-789, Singapore 569084', 7, 2),
(13, '2022-07-01 11:12:01', '23 Ghim Moh Link, #01-234, Singapore 270023', 4, 3),
(14, '2022-07-04 13:23:44', '132 Bedok Reservoir Road, #05-678, Singapore 470132', 3, 4),
(15, '2022-07-04 13:23:44', '256 Pasir Panjang Road, #02-345, Singapore 118590', 4, 5),
(16, '2022-07-04 13:23:44', '125 Jalan Sultan, #06-789, Singapore 199018', 5, 6),
(17, '2022-07-04 13:23:44', '83 Punggol Central, #08-123, Singapore 828761', 7, 7),
(18, '2022-07-10 14:56:59', '35 Tanjong Pagar Road, #01-234, Singapore 088464', 4, 8),
(19, '2022-07-10 14:56:59', '168 Kallang Way, #03-456, Singapore 349253', 3, 9),
(20, '2022-07-14 15:45:21', '17 Marine Terrace, #09-123, Singapore 440017', 4, 10),
(21, '2022-07-14 15:45:21', '3 Sengkang East Avenue, #07-890, Singapore 544816', 5, 11),
(22, '2022-07-14 15:45:21', '71 Pasir Ris Grove, #05-678, Singapore 518207', 7, 12),
(23, '2022-07-14 15:45:21', '7 Clementi West Street 2, #02-345, Singapore 120007', 4, 13),
(24, '2022-07-23 11:12:01', '87 Telok Blangah Heights, #11-890, Singapore 100087', 3, 14),
(25, '2022-07-23 11:12:01', '20 Woodlands Drive 17, #08-123, Singapore 737872', 4, 15),
(26, '2022-07-23 11:12:01', '7 Ang Mo Kio Street 64, #03-456, Singapore 569084', 5, 16),
(27, '2022-07-23 11:12:01', '48 Havelock Road, #09-123, Singapore 161048', 7, 17),
(28, '2022-07-23 11:12:01', '13 Lorong 8 Toa Payoh, #07-890, Singapore 319261', 4, 18),
(29, '2022-07-23 11:12:01', '50 Serangoon North Avenue 4, #06-789, Singapore 555856', 3, 19),
(30, '2022-07-28 11:12:01', '19 Sembawang Road, #01-234, Singapore 779075', 4, 20),
(31, '2022-07-28 11:12:01', '35 Tanjong Pagar Road, #01-234, Singapore 088464', 5, 21),
(32, '2022-08-01 13:23:44', '168 Kallang Way, #03-456, Singapore 349253', 7, 1),
(33, '2022-08-01 15:45:21', '17 Marine Terrace, #09-123, Singapore 440017', 4, 2),
(34, '2022-08-01 11:12:01', '3 Sengkang East Avenue, #07-890, Singapore 544816', 3, 3),
(35, '2022-08-04 13:23:44', '71 Pasir Ris Grove, #05-678, Singapore 518207', 4, 4),
(36, '2022-08-04 13:23:44', '7 Clementi West Street 2, #02-345, Singapore 120007', 4, 5),
(37, '2022-08-04 13:23:44', '83 Punggol Central, #08-123, Singapore 828761', 5, 6),
(38, '2022-08-04 13:23:44', '35 Tanjong Pagar Road, #01-234, Singapore 088464', 7, 7),
(39, '2022-08-10 14:56:59', '168 Kallang Way, #03-456, Singapore 349253', 4, 8),
(40, '2022-08-10 14:56:59', '17 Marine Terrace, #09-123, Singapore 440017', 3, 9),
(41, '2022-08-14 15:45:21', '3 Sengkang East Avenue, #07-890, Singapore 544816', 4, 10),
(42, '2022-08-14 15:45:21', '71 Pasir Ris Grove, #05-678, Singapore 518207', 5, 11),
(43, '2022-08-14 15:45:21', '7 Clementi West Street 2, #02-345, Singapore 120007', 7, 12),
(44, '2022-08-14 15:45:21', '87 Telok Blangah Heights, #11-890, Singapore 100087', 4, 13),
(45, '2022-08-23 11:12:01', '20 Woodlands Drive 17, #08-123, Singapore 737872', 3, 14),
(46, '2022-08-23 11:12:01', '7 Ang Mo Kio Street 64, #03-456, Singapore 569084', 4, 15),
(47, '2022-08-23 11:12:01', '48 Havelock Road, #09-123, Singapore 161048', 5, 16),
(48, '2022-08-23 11:12:01', '13 Lorong 8 Toa Payoh, #07-890, Singapore 319261', 7, 17),
(49, '2022-08-23 11:12:01', '50 Serangoon North Avenue 4, #06-789, Singapore 555856', 4, 18),
(50, '2022-08-23 11:12:01', '19 Sembawang Road, #01-234, Singapore 779075', 3, 19),
(51, '2022-08-28 11:12:01', '83 Punggol Central, #08-123, Singapore 828761', 4, 20),
(52, '2022-08-28 11:12:01', '35 Tanjong Pagar Road, #01-234, Singapore 088464', 5, 21),
(53, '2022-08-28 11:12:01', '7 Clementi West Street 2, #02-345, Singapore 120007', 4, 5),
(54, '2022-08-28 11:12:01', '83 Punggol Central, #08-123, Singapore 828761', 5, 6),
(55, '2022-08-28 11:12:01', '35 Tanjong Pagar Road, #01-234, Singapore 088464', 7, 7),
(56, '2022-08-28 11:12:01', '168 Kallang Way, #03-456, Singapore 349253', 4, 8),
(57, '2022-08-28 11:12:01', '17 Marine Terrace, #09-123, Singapore 440017', 3, 9),
(58, '2022-08-28 11:12:01', '3 Sengkang East Avenue, #07-890, Singapore 544816', 4, 10),
(59, '2022-08-28 11:12:01', '71 Pasir Ris Grove, #05-678, Singapore 518207', 5, 11),
(60, '2022-08-28 11:12:01', '7 Clementi West Street 2, #02-345, Singapore 120007', 7, 12),
(61, '2022-08-28 11:12:01', '87 Telok Blangah Heights, #11-890, Singapore 100087', 4, 13),
(62, '2022-08-28 11:12:01', '20 Woodlands Drive 17, #08-123, Singapore 737872', 3, 14),
(63, '2022-08-28 11:12:01', '7 Ang Mo Kio Street 64, #03-456, Singapore 569084', 4, 15),
(64, '2022-08-28 11:12:01', '48 Havelock Road, #09-123, Singapore 161048', 5, 16),
(65, '2022-08-29 11:12:01', '13 Lorong 8 Toa Payoh, #07-890, Singapore 319261', 7, 17),
(66, '2022-08-29 11:12:01', '50 Serangoon North Avenue 4, #06-789, Singapore 555856', 4, 18),
(67, '2022-08-29 11:12:01', '19 Sembawang Road, #01-234, Singapore 779075', 3, 19),
(68, '2022-08-29 11:12:01', '83 Punggol Central, #08-123, Singapore 828761', 4, 20),
(69, '2022-08-29 11:12:01', '35 Tanjong Pagar Road, #01-234, Singapore 088464', 5, 21),
(70, '2022-08-29 11:12:01', '35 Tanjong Pagar Road, #01-234, Singapore 088464', 5, 21),
(71, '2022-08-30 11:12:01', '35 Tanjong Pagar Road, #01-234, Singapore 088464', 5, 21),
(72, '2022-08-30 11:12:01', '35 Tanjong Pagar Road, #01-234, Singapore 088464', 5, 21),
(73, '2022-08-30 11:12:01', '35 Tanjong Pagar Road, #01-234, Singapore 088464', 5, 21),
(74, '2022-08-30 11:12:01', '35 Tanjong Pagar Road, #01-234, Singapore 088464', 5, 21),
(75, '2022-08-30 11:12:01', '35 Tanjong Pagar Road, #01-234, Singapore 088464', 5, 21),
(76, '2022-08-30 11:13:01', '35 Tanjong Pagar Road, #01-234, Singapore 088464', 5, 21);

INSERT INTO OrderDetailsStatus (bookstorePublicationID, orderID, statusTimestamp, itemStatus)
VALUES
('BPID1003', 1, '2022-06-04 13:23:44', 'Processing'),
('BPID1008', 2, '2022-06-04 13:23:44', 'Processing'),
('BPID1023', 3, '2022-06-04 13:23:44', 'Processing'),
('BPID1011', 4, '2022-06-04 13:23:44', 'Processing'),
('BPID1024', 5, '2022-06-10 14:56:59', 'Processing'),
('BPID1018', 6, '2022-06-10 14:56:59', 'Processing'),
('BPID1022', 7, '2022-06-14 15:45:21', 'Processing'),
('BPID1016', 8, '2022-06-16 15:45:21', 'Processing'),
('BPID1014', 9, '2022-06-20 13:23:44', 'Processing'),
('BPID1026', 10, '2022-06-23 13:23:44', 'Processing'),
('BPID1020', 11, '2022-07-01 13:23:44', 'Processing'),
('BPID1016', 12, '2022-07-01 15:45:21', 'Processing'),
('BPID1005', 13, '2022-07-01 11:12:01', 'Processing'),
('BPID1003', 14, '2022-07-04 13:23:44', 'Processing'),
('BPID1017', 15, '2022-07-04 13:23:44', 'Processing'),
('BPID1018', 16, '2022-07-04 13:23:44', 'Processing'),
('BPID1030', 17, '2022-07-04 13:23:44', 'Processing'),
('BPID1031', 18, '2022-07-10 14:56:59', 'Processing'),
('BPID1033', 19, '2022-07-10 14:56:59', 'Processing'),
('BPID1030', 20, '2022-07-14 15:45:21', 'Processing'),
('BPID1006', 21, '2022-07-14 15:45:21', 'Processing'),
('BPID1007', 22, '2022-07-14 15:45:21', 'Processing'),
('BPID1008', 23, '2022-07-14 15:45:21', 'Processing'),
('BPID1009', 24, '2022-07-23 11:12:01', 'Processing'),
('BPID1001', 25, '2022-07-23 11:12:01', 'Processing'),
('BPID1002', 26, '2022-07-23 11:12:01', 'Processing'),
('BPID1027', 27, '2022-07-23 11:12:01', 'Processing'),
('BPID1028', 28, '2022-07-23 11:12:01', 'Processing'),
('BPID1025', 29, '2022-07-23 11:12:01', 'Processing'),
('BPID1026', 30, '2022-07-28 11:12:01', 'Processing'),
('BPID1017', 31, '2022-07-28 11:12:01', 'Processing'),
('BPID1018', 32, '2022-08-01 13:23:44', 'Processing'),
('BPID1004', 33, '2022-08-01 15:45:21', 'Processing'),
('BPID1018', 34, '2022-08-01 11:12:01', 'Processing'),
('BPID1019', 35, '2022-08-04 13:23:44', 'Processing'),
('BPID1015', 36, '2022-08-04 13:23:44', 'Processing'),
('BPID1008', 37, '2022-08-04 13:23:44', 'Processing'),
('BPID1012', 38, '2022-08-04 13:23:44', 'Processing'),
('BPID1013', 39, '2022-08-10 14:56:59', 'Processing'),
('BPID1026', 40, '2022-08-10 14:56:59', 'Processing'),
('BPID1027', 41, '2022-08-14 15:45:21', 'Processing'),
('BPID1015', 42, '2022-08-14 15:45:21', 'Processing'),
('BPID1005', 43, '2022-08-14 15:45:21', 'Processing'),
('BPID1034', 44, '2022-08-14 15:45:21', 'Processing'),
('BPID1006', 45, '2022-08-23 11:12:01', 'Processing'),
('BPID1007', 46, '2022-08-23 11:12:01', 'Processing'),
('BPID1015', 47, '2022-08-23 11:12:01', 'Processing'),
('BPID1022', 48, '2022-08-23 11:12:01', 'Processing'),
('BPID1024', 49, '2022-08-23 11:12:01', 'Processing'),
('BPID1011', 50, '2022-08-23 11:12:01', 'Processing'),
('BPID1030', 51, '2022-08-28 11:12:01', 'Processing'),
('BPID1021', 52, '2022-08-28 11:12:01', 'Processing'),
('BPID1003', 1, '2022-06-04 19:24:34', 'Shipped'),
('BPID1008', 2, '2022-06-04 21:23:44', 'Shipped'),
('BPID1023', 3, '2022-06-04 18:23:44', 'Shipped'),
('BPID1011', 4, '2022-06-04 23:23:44', 'Shipped'),
('BPID1024', 5, '2022-06-10 18:34:59', 'Shipped'),
('BPID1018', 6, '2022-06-10 17:23:59', 'Shipped'),
('BPID1022', 7, '2022-06-14 19:45:21', 'Shipped'),
('BPID1016', 8, '2022-06-16 22:45:21', 'Shipped'),
('BPID1014', 9, '2022-06-20 17:23:44', 'Shipped'),
('BPID1026', 10, '2022-06-23 19:23:44', 'Shipped'),
('BPID1020', 11, '2022-07-01 17:23:44', 'Shipped'),
('BPID1016', 12, '2022-07-01 19:45:21', 'Shipped'),
('BPID1005', 13, '2022-07-01 23:12:01', 'Shipped'),
('BPID1003', 14, '2022-07-04 17:23:44', 'Shipped'),
('BPID1017', 15, '2022-07-06 11:23:44', 'Shipped'),
('BPID1018', 16, '2022-07-04 16:34:44', 'Shipped'),
('BPID1030', 17, '2022-07-04 14:23:44', 'Shipped'),
('BPID1031', 18, '2022-07-11 15:56:59', 'Shipped'),
('BPID1033', 19, '2022-07-10 16:56:59', 'Shipped'),
('BPID1030', 20, '2022-07-14 17:45:21', 'Shipped'),
('BPID1006', 21, '2022-07-14 19:45:21', 'Shipped'),
('BPID1007', 22, '2022-07-14 23:45:21', 'Shipped'),
('BPID1008', 23, '2022-07-14 18:40:21', 'Shipped'),
('BPID1009', 24, '2022-07-23 16:33:01', 'Shipped'),
('BPID1001', 25, '2022-07-23 17:12:01', 'Shipped'),
('BPID1002', 26, '2022-07-23 19:12:01', 'Shipped'),
('BPID1027', 27, '2022-07-23 23:12:01', 'Shipped'),
('BPID1028', 28, '2022-07-23 21:23:34', 'Shipped'),
('BPID1025', 29, '2022-07-23 22:45:34', 'Shipped'),
('BPID1026', 30, '2022-07-29 12:44:01', 'Shipped'),
('BPID1017', 31, '2022-07-28 12:23:01', 'Shipped'),
('BPID1018', 32, '2022-08-01 19:23:44', 'Shipped'),
('BPID1004', 33, '2022-08-01 18:24:00', 'Shipped'),
('BPID1018', 34, '2022-08-01 17:12:01', 'Shipped'),
('BPID1019', 35, '2022-08-04 15:23:44', 'Shipped'),
('BPID1015', 36, '2022-08-04 18:23:44', 'Shipped'),
('BPID1008', 37, '2022-08-04 15:23:44', 'Shipped'),
('BPID1012', 38, '2022-08-04 15:23:44', 'Shipped'),
('BPID1013', 39, '2022-08-11 14:22:59', 'Shipped'),
('BPID1026', 40, '2022-08-10 16:56:59', 'Shipped'),
('BPID1027', 41, '2022-08-14 23:45:21', 'Shipped'),
('BPID1015', 42, '2022-08-14 17:45:21', 'Shipped'),
('BPID1005', 43, '2022-08-14 18:45:21', 'Shipped'),
('BPID1034', 44, '2022-08-14 19:45:21', 'Shipped'),
('BPID1006', 45, '2022-08-23 17:12:01', 'Shipped'),
('BPID1007', 46, '2022-08-23 14:12:01', 'Shipped'),
('BPID1015', 47, '2022-08-24 12:34:01', 'Shipped'),
('BPID1022', 48, '2022-08-24 11:12:01', 'Shipped'),
('BPID1024', 49, '2022-08-23 17:12:01', 'Shipped'),
('BPID1011', 50, '2022-08-25 11:12:01', 'Shipped'),
('BPID1030', 51, '2022-08-29 11:43:01', 'Shipped'),
('BPID1021', 52, '2022-08-29 05:45:01', 'Shipped'),
('BPID1003', 1, '2022-06-06 19:24:34', 'Received'),
('BPID1008', 2, '2022-06-05 21:23:44', 'Received'),
('BPID1023', 3, '2022-06-07 18:23:44', 'Received'),
('BPID1011', 4, '2022-06-08 23:23:44', 'Received'),
('BPID1024', 5, '2022-06-13 18:34:59', 'Received'),
('BPID1018', 6, '2022-06-14 17:23:59', 'Received'),
('BPID1022', 7, '2022-06-15 19:45:21', 'Received'),
('BPID1016', 8, '2022-06-19 22:45:21', 'Received'),
('BPID1014', 9, '2022-06-23 17:23:44', 'Received'),
('BPID1026', 10, '2022-06-25 19:23:44', 'Received'),
('BPID1020', 11, '2022-07-04 17:23:44', 'Received'),
('BPID1016', 12, '2022-07-06 19:45:21', 'Received'),
('BPID1005', 13, '2022-07-10 23:12:01', 'Received'),
('BPID1003', 14, '2022-07-05 17:23:44', 'Received'),
('BPID1017', 15, '2022-07-07 11:23:44', 'Received'),
('BPID1018', 16, '2022-07-09 16:34:44', 'Received'),
('BPID1030', 17, '2022-07-09 14:23:44', 'Received'),
('BPID1031', 18, '2022-07-15 15:56:59', 'Received'),
('BPID1033', 19, '2022-07-18 16:56:59', 'Received'),
('BPID1030', 20, '2022-07-16 17:45:21', 'Received'),
('BPID1006', 21, '2022-07-16 19:45:21', 'Received'),
('BPID1007', 22, '2022-07-18 23:45:21', 'Received'),
('BPID1008', 23, '2022-07-18 15:40:21', 'Received'),
('BPID1009', 24, '2022-07-27 16:33:01', 'Received'),
('BPID1001', 25, '2022-07-27 17:12:01', 'Received'),
('BPID1002', 26, '2022-07-24 19:12:01', 'Received'),
('BPID1027', 27, '2022-07-26 23:12:01', 'Received'),
('BPID1028', 28, '2022-07-26 21:23:34', 'Received'),
('BPID1025', 29, '2022-07-27 22:45:34', 'Received'),
('BPID1026', 30, '2022-07-30 12:44:01', 'Received'),
('BPID1017', 31, '2022-07-30 12:23:01', 'Received'),
('BPID1018', 32, '2022-08-07 19:23:44', 'Received'),
('BPID1004', 33, '2022-08-07 18:24:00', 'Received'),
('BPID1018', 34, '2022-08-07 17:12:01', 'Received'),
('BPID1019', 35, '2022-08-06 15:23:44', 'Received'),
('BPID1015', 36, '2022-08-07 18:23:44', 'Received'),
('BPID1008', 37, '2022-08-05 15:23:44', 'Received'),
('BPID1012', 38, '2022-08-06 15:23:44', 'Received'),
('BPID1013', 39, '2022-08-14 14:22:59', 'Received'),
('BPID1026', 40, '2022-08-14 16:56:59', 'Received'),
('BPID1027', 41, '2022-08-15 23:45:21', 'Received'),
('BPID1015', 42, '2022-08-15 17:45:21', 'Received'),
('BPID1005', 43, '2022-08-16 18:45:21', 'Received'),
('BPID1034', 44, '2022-08-17 19:45:21', 'Received'),
('BPID1006', 45, '2022-08-27 17:12:01', 'Received'),
('BPID1007', 46, '2022-08-26 14:12:01', 'Received'),
('BPID1015', 47, '2022-08-27 12:34:01', 'Received'),
('BPID1022', 48, '2022-08-25 11:12:01', 'Received'),
('BPID1024', 49, '2022-08-27 17:12:01', 'Received'),
('BPID1011', 50, '2022-08-27 11:12:01', 'Received'),
('BPID1030', 51, '2022-08-30 11:43:01', 'Received'),
('BPID1021', 52, '2022-09-2 05:45:01', 'Received'),
('BPID1034', 53, '2022-08-28 11:12:01', 'Processing'),
('BPID1034', 54, '2022-08-28 11:12:01', 'Processing'),
('BPID1034', 55, '2022-08-28 11:12:01', 'Processing'),
('BPID1034', 56, '2022-08-28 11:12:01', 'Processing'),
('BPID1034', 57, '2022-08-28 11:12:01', 'Processing'),
('BPID1034', 58, '2022-08-28 11:12:01', 'Processing'),
('BPID1034', 59, '2022-08-28 11:12:01', 'Processing'),
('BPID1034', 60, '2022-08-28 11:12:01', 'Processing'),
('BPID1034', 61, '2022-08-28 11:12:01', 'Processing'),
('BPID1034', 62, '2022-08-28 11:12:01', 'Processing'),
('BPID1021', 63, '2022-08-28 11:12:01', 'Processing'),
('BPID1021', 64, '2022-08-28 11:12:01', 'Processing'),
('BPID1021', 65, '2022-08-29 11:12:01', 'Processing'),
('BPID1021', 66, '2022-08-29 11:12:01', 'Processing'),
('BPID1021', 67, '2022-08-29 11:12:01', 'Processing'),
('BPID1021', 68, '2022-08-29 11:12:01', 'Processing'),
('BPID1021', 69, '2022-08-29 11:12:01', 'Processing'),
('BPID1021', 70, '2022-08-29 11:12:01', 'Processing'),
('BPID1034', 53, '2022-08-28 14:23:01', 'Shipped'),
('BPID1034', 54, '2022-08-29 11:12:01', 'Shipped'),
('BPID1034', 55, '2022-08-29 11:12:01', 'Shipped'),
('BPID1034', 56, '2022-08-28 16:12:01', 'Shipped'),
('BPID1034', 57, '2022-08-28 22:12:01', 'Shipped'),
('BPID1034', 58, '2022-08-28 22:12:01', 'Shipped'),
('BPID1034', 59, '2022-08-28 23:12:01', 'Shipped'),
('BPID1034', 60, '2022-08-28 23:12:02', 'Shipped'),
('BPID1034', 61, '2022-08-28 23:12:03', 'Shipped'),
('BPID1034', 62, '2022-08-28 23:12:04', 'Shipped'),
('BPID1021', 63, '2022-08-28 23:12:05', 'Shipped'),
('BPID1021', 64, '2022-08-28 23:12:06', 'Shipped'),
('BPID1021', 65, '2022-08-29 23:10:10', 'Shipped'),
('BPID1021', 66, '2022-08-29 23:10:11', 'Shipped'),
('BPID1021', 67, '2022-08-29 23:10:12', 'Shipped'),
('BPID1021', 68, '2022-08-29 23:10:13', 'Shipped'),
('BPID1021', 69, '2022-08-29 23:10:14', 'Shipped'),
('BPID1021', 70, '2022-08-30 11:12:01', 'Shipped'),
('BPID1034', 53, '2022-08-30 23:12:01', 'Received'),
('BPID1034', 54, '2022-08-29 13:12:01', 'Received'),
('BPID1034', 55, '2022-08-29 13:12:01', 'Received'),
('BPID1034', 56, '2022-08-29 13:12:01', 'Received'),
('BPID1034', 57, '2022-08-29 13:12:01', 'Received'),
('BPID1034', 58, '2022-08-29 13:12:01', 'Received'),
('BPID1034', 59, '2022-08-29 13:12:01', 'Received'),
('BPID1034', 60, '2022-08-29 13:12:01', 'Received'),
('BPID1005', 61, '2022-08-29 13:12:01', 'Received'),
('BPID1005', 62, '2022-08-29 13:12:01', 'Received'),
('BPID1005', 63, '2022-08-29 13:12:01', 'Received'),
('BPID1005', 64, '2022-08-29 13:12:01', 'Received'),
('BPID1005', 65, '2022-08-30 16:12:01', 'Received'),
('BPID1005', 66, '2022-08-30 23:45:34', 'Received'),
('BPID1005', 67, '2022-08-30 23:45:34', 'Received'),
('BPID1005', 68, '2022-08-30 23:45:34', 'Received'),
('BPID1005', 69, '2022-08-30 23:45:34', 'Received'),
('BPID1005', 70, '2022-08-30 23:45:34', 'Received'),
('BPID1053', 71, '2022-08-30 23:50:34', 'Received'),
('BPID1053', 72, '2022-08-30 23:50:36', 'Received'),
('BPID1053', 73, '2022-08-30 23:50:49', 'Received'),
('BPID1054', 74, '2022-08-30 23:51:32', 'Received'),
('BPID1054', 75, '2022-08-30 23:58:32', 'Received'),
('BPID1055', 76, '2022-08-30 23:58:32', 'Received'),
('BPID1053', 71, '2022-08-29 11:30:34', 'Processing'),
('BPID1053', 72, '2022-08-29 11:30:36', 'Processing'),
('BPID1053', 73, '2022-08-29 11:32:49', 'Processing'),
('BPID1054', 74, '2022-08-29 11:33:32', 'Processing'),
('BPID1054', 75, '2022-08-29 11:34:32', 'Processing'),
('BPID1055', 76, '2022-08-29 11:35:32', 'Processing'),
('BPID1053', 71, '2022-08-30 11:30:34', 'Shipped'),
('BPID1053', 72, '2022-08-30 11:30:36', 'Shipped'),
('BPID1053', 73, '2022-08-30 11:32:49', 'Shipped'),
('BPID1054', 74, '2022-08-30 11:33:32', 'Shipped'),
('BPID1054', 75, '2022-08-30 11:34:32', 'Shipped'),
('BPID1055', 76, '2022-08-30 11:35:32', 'Shipped');


INSERT INTO Review (bookstorePublicationID, orderID, rating, comment, ratingTimestamp, customerID)
VALUES
('BPID1018', 6, 1, 'This is bad this is not a good book', '2022-06-14 17:23:59', 2),
('BPID1003', 14, 1, 'not very nice to read', '2022-07-05 17:23:44', 4),
('BPID1017', 15, 1, 'not very easy to understand', '2022-07-07 11:23:44', 5),
('BPID1018', 16, 1, 'missing pages', '2022-07-09 16:34:44', 6),
('BPID1027', 27, 1, 'missing book', '2022-07-26 23:12:01', 17),
('BPID1011', 4, 2, 'this is a bad plot', '2022-06-08 23:23:44', 12),
('BPID1014', 9, 2, 'no more sales for this', '2022-06-23 17:23:44', 12),
('BPID1026', 10, 2, 'this is too expensive', '2022-06-25 19:23:44', 16),
('BPID1030', 17, 2, 'this is not good', '2022-07-09 14:23:44', 7),
('BPID1005', 13, 2, 'not value for money', '2022-07-10 23:12:01', 3),
('BPID1030', 20, 2, 'expensive', '2022-07-16 17:45:21', 10),
('BPID1002', 26, 2, 'This is bad this is not a good book', '2022-07-24 19:12:01', 16),
('BPID1028', 28, 2, 'not very nice to read', '2022-07-26 21:23:34', 18),
('BPID1025', 29, 2, 'not very easy to understand', '2022-07-27 22:45:34', 19),
('BPID1004', 33, 2, 'missing pages', '2022-08-07 18:24:00', 2),
('BPID1034', 54, 2, 'this is a bad plot', '2022-08-29 13:12:01', 6),
('BPID1030', 51, 2, 'missing book', '2022-08-30 11:43:01', 20),
('BPID1023', 3, 3, 'no more sales for this', '2022-06-07 18:23:44', 9),
('BPID1016', 8, 3, 'this is too expensive', '2022-06-19 22:45:21', 9),
('BPID1031', 18, 3, 'not value for money', '2022-07-15 15:56:59', 8),
('BPID1033', 19, 3, 'this is not good', '2022-07-18 16:56:59', 9),
('BPID1018', 34, 3, 'expensive', '2022-08-07 17:12:01', 3),
('BPID1026', 40, 3, 'this is average', '2022-08-14 16:56:59', 9),
('BPID1027', 41, 3, 'this is normal to read', '2022-08-15 23:45:21', 10),
('BPID1007', 46, 3, 'nothing here is interesting', '2022-08-26 14:12:01', 15),
('BPID1034', 53, 3, 'ok i received', '2022-08-30 23:12:01', 5),
('BPID1021', 52, 3, 'this is ok', '2022-09-2 05:45:01', 21),
('BPID1024', 5, 4, 'very nice plot', '2022-06-13 18:34:59', 16),
('BPID1022', 7, 4, 'this is highhly recommened', '2022-06-15 19:45:21', 6),
('BPID1020', 11, 4, 'please purchase this and have a read', '2022-07-04 17:23:44', 1),
('BPID1006', 21, 4, 'please read this as its good', '2022-07-16 19:45:21', 11),
('BPID1007', 22, 4, 'very value for money', '2022-07-18 23:45:21', 12),
('BPID1026', 30, 4, 'very comprehensive!!', '2022-07-30 12:44:01', 20),
('BPID1019', 35, 4, 'keep up the good work this is good', '2022-08-06 15:23:44', 4),
('BPID1015', 36, 4, 'please purchase this and have a read', '2022-08-07 18:23:44', 5),
('BPID1015', 42, 4, 'please read this as its good', '2022-08-15 17:45:21', 11),
('BPID1011', 50, 4, 'very comprehensive!!', '2022-08-27 11:12:01', 19),
('BPID1015', 47, 4, 'very value for money', '2022-08-27 12:34:01', 16),
('BPID1034', 55, 4, 'keep up the good work this is good', '2022-08-29 13:12:01', 7),
('BPID1008', 2, 5, 'nothing to say', '2022-06-05 21:23:44', 6),
('BPID1003', 1, 5, 'will buy again', '2022-06-06 19:24:34', 2),
('BPID1016', 12, 5, 'its very good to hear this', '2022-07-06 19:45:21', 2),
('BPID1008', 23, 5, 'will buy again', '2022-07-18 15:59:21', 13),
('BPID1009', 24, 5, 'will rewatch and buy again', '2022-07-27 16:33:01', 14),
('BPID1001', 25, 5, 'this is my all time fav', '2022-07-27 17:12:01', 15),
('BPID1017', 31, 5, 'this is really nice to read about', '2022-07-30 12:23:01', 21),
('BPID1008', 37, 5, 'good good', '2022-08-05 15:23:44', 6),
('BPID1012', 38, 5, 'this is exciting', '2022-08-06 15:23:44', 7),
('BPID1018', 32, 5, 'will buy again', '2022-08-07 19:23:44', 1),
('BPID1013', 39, 5, 'very nice to read', '2022-08-14 14:22:59', 8),
('BPID1005', 43, 5, 'please buy this for yourself', '2022-08-16 18:45:21', 12),
('BPID1034', 44, 5, 'you really need to read', '2022-08-17 19:45:21', 13),
('BPID1022', 48, 5, 'good good', '2022-08-25 11:12:01', 17),
('BPID1006', 45, 5, 'will buy again', '2022-08-27 17:12:01', 14),
('BPID1024', 49, 5, 'nothing here is interesting', '2022-08-27 17:12:01', 18),
('BPID1034', 56, 5, 'this is ok', '2022-08-29 13:12:01', 8),
('BPID1034', 57, 5, 'ok i received', '2022-08-29 13:12:01', 9),
('BPID1034', 58, 5, 'very nice plot', '2022-08-29 13:12:01', 10),
('BPID1034', 59, 5, 'this is highhly recommened', '2022-08-29 13:12:01', 11),
('BPID1034', 60, 5, 'please purchase this and have a read', '2022-08-29 13:12:01', 12),
('BPID1005', 61, 5, 'please read this as its good', '2022-08-29 13:12:01', 13),
('BPID1005', 62, 5, 'very value for money', '2022-08-29 13:12:01', 14),
('BPID1005', 63, 5, 'very comprehensive!!', '2022-08-29 13:12:01', 15),
('BPID1005', 64, 5, 'nothing here is interesting', '2022-08-29 13:12:01', 16),
('BPID1005', 65, 5, 'this is ok', '2022-08-30 16:12:01', 17),
('BPID1005', 66, 5, 'ok i received', '2022-08-30 23:45:34', 18),
('BPID1005', 67, 5, 'very nice plot', '2022-08-30 23:45:34', 19),
('BPID1005', 68, 5, 'this is highhly recommened', '2022-08-30 23:45:34', 20),
('BPID1005', 69, 5, 'please purchase this and have a read', '2022-08-30 23:45:34', 21),
('BPID1005', 70, 5, 'please read this as its good', '2022-08-30 23:45:34', 21);

INSERT INTO ItemPurchased (bookstorePublicationID, orderID, price, deliveryDate, quantity)
VALUES
('BPID1003', 1, 7.46, '2022-06-04 19:24:34', 2),
('BPID1008', 2, 75, '2022-06-04 21:23:44', 1),
('BPID1023', 3, 13.99, '2022-06-04 18:23:44', 3),
('BPID1011', 4, 243.53, '2022-06-04 23:23:44', 4),
('BPID1024', 5, 55.9, '2022-06-10 18:34:59', 1),
('BPID1018', 6, 12.66, '2022-06-10 17:23:59', 1),
('BPID1022', 7, 65.13, '2022-06-14 19:45:21', 4),
('BPID1016', 8, 54.35, '2022-06-16 22:45:21', 3),
('BPID1014', 9, 42.23, '2022-06-20 17:23:44', 2),
('BPID1026', 10, 19.9, '2022-06-23 19:23:44', 1),
('BPID1020', 11, 42.13, '2022-07-01 17:23:44', 1),
('BPID1016', 12, 54.35, '2022-07-01 19:45:21', 6),
('BPID1005', 13, 254, '2022-07-01 23:12:01', 2),
('BPID1003', 14, 7.46, '2022-07-04 17:23:44', 3),
('BPID1017', 15, 65.32, '2022-07-06 11:23:44', 4),
('BPID1018', 16, 12.66, '2022-07-04 16:34:44', 2),
('BPID1030', 17, 25, '2022-07-04 14:23:44', 1),
('BPID1031', 18, 28.8, '2022-07-11 15:56:59', 2),
('BPID1033', 19, 31.2, '2022-07-10 16:56:59', 5),
('BPID1030', 20, 25, '2022-07-14 17:45:21', 4),
('BPID1006', 21, 35, '2022-07-14 19:45:21', 2),
('BPID1007', 22, 24, '2022-07-14 23:45:21', 3),
('BPID1008', 23, 45, '2022-07-14 15:59:21', 4),
('BPID1009', 24, 24, '2022-07-23 16:33:01', 1),
('BPID1001', 25, 10, '2022-07-23 17:12:01', 1),
('BPID1002', 26, 12, '2022-07-23 19:12:01', 1),
('BPID1027', 27, 3.7, '2022-07-23 23:12:01', 2),
('BPID1028', 28, 14.2, '2022-07-23 21:23:34', 1),
('BPID1025', 29, 23.23, '2022-07-23 22:45:34', 1),
('BPID1026', 30, 19.9, '2022-07-29 12:44:01', 1),
('BPID1017', 31, 65.32, '2022-07-28 12:23:01', 2),
('BPID1018', 32, 12.66, '2022-08-01 19:23:44', 1),
('BPID1004', 33, 35, '2022-08-01 18:24:00', 2),
('BPID1018', 34, 12.66, '2022-08-01 17:12:01', 2),
('BPID1019', 35, 56.24, '2022-08-04 15:23:44', 1),
('BPID1015', 36, 13.13, '2022-08-04 18:23:44', 1),
('BPID1008', 37, 75, '2022-08-04 15:23:44', 1),
('BPID1012', 38, 24.22, '2022-08-04 15:23:44', 2),
('BPID1013', 39, 64.88, '2022-08-11 14:22:59', 1),
('BPID1026', 40, 23.34, '2022-08-10 16:56:59', 2),
('BPID1027', 41, 3.7, '2022-08-14 23:45:21', 1),
('BPID1015', 42, 13.13, '2022-08-14 17:45:21', 2),
('BPID1005', 43, 254, '2022-08-14 18:45:21', 1),
('BPID1034', 44, 13.99, '2022-08-14 19:45:21', 2),
('BPID1006', 45, 35, '2022-08-23 17:12:01', 1),
('BPID1007', 46, 24, '2022-08-23 14:12:01', 1),
('BPID1015', 47, 13.13, '2022-08-24 12:34:01', 2),
('BPID1022', 48, 65.13, '2022-08-24 11:12:01', 2),
('BPID1024', 49, 55.9, '2022-08-23 17:12:01', 2),
('BPID1011', 50, 243.53, '2022-08-25 11:12:01', 1),
('BPID1030', 51, 25, '2022-08-29 11:43:01', 1),
('BPID1021', 52, 43.24, '2022-08-29 05:45:01', 1),
('BPID1034', 53, 13.99, '2022-08-30 23:12:01', 5),
('BPID1034', 54, 13.99, '2022-08-29 13:12:01', 2),
('BPID1034', 55, 13.99, '2022-08-29 13:12:01', 3),
('BPID1034', 56, 13.99, '2022-08-29 13:12:01', 4),
('BPID1034', 57, 13.99, '2022-08-29 13:12:01', 3),
('BPID1034', 58, 13.99, '2022-08-29 13:12:01', 2),
('BPID1034', 59, 13.99, '2022-08-29 13:12:01', 3),
('BPID1034', 60, 13.99, '2022-08-29 13:12:01', 4),
('BPID1005', 61, 254, '2022-08-29 13:12:01', 3),
('BPID1005', 62, 254, '2022-08-29 13:12:01', 56),
('BPID1005', 63, 254, '2022-08-29 13:12:01', 4),
('BPID1005', 64, 254, '2022-08-29 13:12:01', 34),
('BPID1005', 65, 254, '2022-08-30 16:12:01', 2),
('BPID1005', 66, 254, '2022-08-30 23:45:34', 45),
('BPID1005', 67, 254, '2022-08-30 23:45:34', 12),
('BPID1005', 68, 254, '2022-08-30 23:45:34', 23),
('BPID1005', 69, 254, '2022-08-30 23:45:34', 34),
('BPID1005', 70, 254, '2022-08-30 23:45:34', 2),
('BPID1053', 71, 6.43,'2022-08-30 23:50:34', 1),
('BPID1053', 72, 6.43, '2022-08-30 23:50:36', 1),
('BPID1053', 73, 6.43, '2022-08-30 23:50:49', 1),
('BPID1054', 74, 4.43, '2022-08-30 23:51:32',1),
('BPID1054', 75, 4.43, '2022-08-30 23:58:32',1),
('BPID1055', 76, 9.43, '2022-08-30 23:58:32', 1);

INSERT INTO AssignedOrder (orderID, customerID) 
VALUES
(1, 2),
(2, 6),
(3, 9),
(4, 12),
(5, 16),
(6, 2),
(7, 6),
(8, 9),
(9, 12),
(10, 16),
(11, 1),
(12, 2),
(13, 3),
(14, 4),
(15, 5),
(16, 6),
(17, 7),
(18, 8),
(19, 9),
(20, 10),
(21, 11),
(22, 12),
(23, 13),
(24, 14),
(25, 15),
(26, 16),
(27, 17),
(28, 18),
(29, 19),
(30, 20),
(31, 21),
(32, 1),
(33, 2),
(34, 3),
(35, 4),
(36, 5),
(37, 6),
(38, 7),
(39, 8),
(40, 9),
(41, 10),
(42, 11),
(43, 12),
(44, 13),
(45, 14),
(46, 15),
(47, 16),
(48, 17),
(49, 18),
(50, 19),
(51, 20),
(52, 21),
(53, 5),
(54, 6),
(55, 7),
(56, 8),
(57, 9),
(58, 10),
(59, 11),
(60, 12),
(61, 13),
(62, 14),
(63, 15),
(64, 16),
(65, 17),
(66, 18),
(67, 19),
(68, 20),
(69, 21),
(70, 21),
(71, 21),
(72, 21),
(73, 21),
(74, 21),
(75, 21);

INSERT INTO employee (employeeID, name)
VALUES 
	(1, 'Eve'),
	(2, 'Frank'),
	(3, 'Ben'),
	(4, 'Edward'),
	(5, 'Eddy'),
	(6, 'Benjamin'),
	(7, 'Cheryl'),
	(8, 'Jeremy'),
	(9, 'Charlotte'),
	(10, 'Cherry');

INSERT INTO employeesalary (employeeID, salaryDatetime, monthlySalary)
VALUES 
(1, '2022-09-01 00:00:00', 4000),
(2, '2022-09-01 00:00:00', 3500),
(3, '2022-09-01 00:00:00', 2000),
(4, '2022-09-01 00:00:00', 2100),
(5, '2022-09-01 00:00:00', 2200),
(6, '2022-09-01 00:00:00', 2300),
(7, '2022-09-01 00:00:00', 2400),
(8, '2022-09-01 00:00:00', 2500),
(9, '2022-09-01 00:00:00', 2600),
(10, '2022-09-01 00:00:00', 2700);

INSERT INTO complaints (complaintID, complaintTimestamp, comments, customerID)
VALUES
	(1, '2022-06-14 17:23:59', 'Bad transition', 2),
	(2, '2022-07-05 17:23:44', 'Bad transition', 4),
	(3, '2022-07-07 11:23:44', 'Publisher not response', 5),
	(4, '2022-07-09 16:34:44', 'Bad transition', 6),
	(5, '2022-07-26 23:12:01', 'Story plot not up to standard', 17),
	(6, '2022-06-08 23:23:44', 'No promo given', 12),
	(7, '2022-06-23 17:23:44', 'Missing out on pages', 12),
	(8, '2022-06-25 19:23:44', 'Not finalised version', 16),
	(9, '2022-07-10 23:12:01', 'Bad transition', 3),
	(10, '2022-07-09 14:23:44', 'Missing out on pages', 7),
	(11, '2022-07-16 17:45:21', 'Not finalised version', 10),
	(12, '2022-07-24 19:12:01', 'Publisher not response', 16),
	(13, '2022-07-26 21:23:34', 'Publisher not response', 18),
	(14, '2022-07-27 22:45:34', 'Publisher not response', 19),
	(15, '2022-08-07 18:24:00', 'No promo given', 2),
	(16, '2022-08-30 11:43:01', 'Story plot not up to standard', 20),
	(17, '2022-08-29 13:12:01', 'Missing out on pages', 6),
	(18, '2022-06-07 18:23:44', 'No promo given', 9),
	(19, '2022-06-19 22:45:21', 'Not finalised version', 9),
	(20, '2022-07-15 15:56:59', 'Publisher not response', 8),
	(21, '2022-07-18 16:56:59', 'Bad transition', 9),
	(22, '2022-08-07 17:12:01', 'Story plot not up to standard', 3),
	(23, '2022-08-14 16:56:59', 'Publisher not response', 9),
	(24, '2022-08-15 23:45:21', 'No promo given', 10),
	(25, '2022-08-26 14:12:01', 'Story plot not up to standard', 15),
	(26, '2022-09-02 05:45:01', 'No promo given', 21),
	(27, '2022-08-30 23:12:01',	'Bad transition', 5);
    
INSERT INTO assignedcomplaints (complaintID, employeeID)
VALUES
(1, 1),
(2, 2),
(3, 3),
(4, 4),
(5, 5),
(6, 5),
(7, 4),
(8, 2),
(9, 1),
(10, 3),
(11, 4),
(12, 3),
(13, 2),
(14, 3),
(15, 4),
(16, 5),
(17, 5),
(18, 5),
(19, 5),
(20, 5),
(21, 5),
(22, 5),
(23, 3),
(24, 2),
(25, 3),
(26, 1),
(27, 3);

INSERT INTO Complaints_Publication (complaintID, publicationID)
VALUES 
    (1, 'PC1005'),
    (2, 'PC1003'),
    (3, 'PC1004'),
    (4, 'PC1005'),
    (5, 'PC1001'),
    (6, 'PC1011'),
    (7, 'PC1001'),
    (8, 'PC1013'),
    (9, 'PC1004'),
    (10, 'PC1005'),
    (11, 'PC1004'),
    (12, 'PC1002'),
    (13, 'PC1002'),
    (14, 'PC1012'),
    (15, 'PC1004'),
    (16, 'PC1008'),
    (17, 'PC1004'),
    (18, 'PC1010'),
    (19, 'PC1003'),
    (20, 'PC1005'),
    (21, 'PC1007'),
    (22, 'PC1005'),
    (23, 'PC1013'),
    (24, 'PC1001'),
    (25, 'PC1007'),
    (26, 'PC1008'),
    (27, 'PC1008');

INSERT INTO ComplaintRecord (complaintID, timestamp, status, complaintPriority)
VALUES
(1, '2022-06-14 17:23:59', 'In progress', 1),
(2, '2022-07-05 17:23:44', 'In progress', 2),
(3, '2022-07-07 11:23:44', 'In progress', 2),
(4, '2022-07-09 16:34:44', 'In progress', 3),
(5, '2022-07-26 23:12:01', 'In progress', 4),
(6, '2022-06-08 23:23:44', 'In progress', 4),
(7, '2022-06-23 17:23:44', 'In progress', 2),
(8, '2022-06-25 19:23:44', 'In progress', 2),
(9, '2022-07-10 23:12:01', 'In progress', 1),
(10, '2022-07-09 14:23:44', 'In progress', 1),
(11, '2022-07-16 17:45:21', 'In progress', 2),
(12, '2022-07-24 19:12:01', 'In progress', 3),
(13, '2022-07-26 21:23:34', 'In progress', 4),
(14, '2022-07-27 22:45:34', 'In progress', 4),
(15, '2022-08-07 18:24:00', 'In progress', 2),
(16, '2022-08-30 11:43:01', 'In progress', 2),
(17, '2022-08-29 13:12:01', 'In progress', 1),
(18, '2022-06-07 18:23:44', 'In progress', 3),
(19, '2022-06-19 22:45:21', 'In progress', 2),
(20, '2022-07-15 15:56:59', 'In progress', 3),
(21, '2022-07-18 16:56:59', 'In progress', 4),
(22, '2022-08-07 17:12:01', 'In progress', 4),
(23, '2022-08-14 16:56:59', 'In progress', 4),
(24, '2022-08-15 23:45:21', 'In progress', 4),
(25, '2022-08-26 14:12:01', 'In progress', 3),
(26, '2022-09-2 05:45:01', 'In progress', 3),
(27, '2022-08-30 23:12:01', 'In progress', 3),
(1, '2022-06-15 17:23:59', 'Resolved', 1),
(2, '2022-07-07 17:23:44', 'Resolved', 2),
(3, '2022-07-12 11:23:44', 'Resolved', 2),
(4, '2022-07-09 17:34:44', 'Resolved', 3),
(5, '2022-07-30 23:12:01', 'Resolved', 4),
(6, '2022-06-18 23:23:44', 'Resolved', 4),
(7, '2022-06-26 17:23:44', 'Resolved', 2),
(8, '2022-06-29 19:23:44', 'Resolved', 2),
(9, '2022-07-12 23:12:01', 'Resolved', 1),
(10, '2022-07-12 14:23:44', 'Resolved', 1),
(11, '2022-07-19 17:45:21', 'Resolved', 2),
(12, '2022-07-29 19:12:01', 'Resolved', 3),
(13, '2022-07-30 21:23:34', 'Resolved', 4),
(14, '2022-07-30 22:45:34', 'Resolved', 4),
(15, '2022-08-09 18:24:00', 'Resolved', 2),
(16, '2022-09-4 11:43:01', 'Resolved', 2),
(17, '2022-08-30 13:12:01', 'Resolved', 1),
(18, '2022-07-4 11:43:01', 'Resolved', 3),
(19, '2022-06-30 16:56:59', 'Resolved', 2),
(20, '2022-08-03 15:56:59', 'Resolved', 3),
(21, '2022-08-18 16:56:59', 'Resolved', 4),
(22, '2022-09-07 17:12:01', 'Resolved', 4),
(23, '2022-09-14 16:56:59', 'Resolved', 4),
(24, '2022-09-04 14:12:01', 'Resolved', 4),
(25, '2022-09-04 14:12:01', 'Resolved', 3),
(26, '2022-09-04 14:12:01', 'Resolved', 3),
(27, '2022-09-04 14:12:01', 'Resolved', 3);

INSERT INTO Complaints_Bookstore (complaintID, bookstoreID)
VALUES (1, 1),
(2, 1),
(3, 1),
(4, 1),
(5, 1),
(6, 1),
(7, 1),
(8, 4),
(9, 1),
(10, 1),
(11, 1),
(12, 1),
(13, 1),
(14, 1),
(15, 1),
(16, 1),
(17, 1),
(18, 1),
(19, 1),
(20, 1),
(21, 1),
(22, 1),
(23, 4),
(24, 1),
(25, 1),
(26, 1),
(27, 1);